OID_,LANDCOVER_T,FREQUENCY,MEAN_ELEVATION
1,ARTIFICIAL SURFACES,335,66.614655907282568
2,CULTIVATED LAND,19,64.686125052602662
3,EXPOSED SURFACES,324,324.728070488682476
4,"FOREST, WOODLAND AND SCRUB",2242,119.641790080985032
5,"GRASSLAND, SALTMARSH and SWAMP",2917,99.589687328157964
6,HEATH and BRACKEN,2724,347.799925577806960
7,PEATLAND,537,228.378631250182195
8,WATERBODIES,903,33.281935742460938
